Job Title,Company Name,Location,Skills,Years of Experience,Education,Job Type,Salary
Data Scientist,DTN,Remote,"Machine Learning, Pandas, Analytics, Software development, Research, Github, NumPy, AI, Python",2,Not Specified,Full-time,94;500 - 115;500 a year
Data Scientist,Generac Power Systems,Pewaukee; WI 53188,"Power BI, Data Visualization, Computer Science, Machine Learning, R, Azure, Analytics, Sales, Statistical Analysis, Statistics, Data Analytics, SQL, Python",3,Master; Bachelor,Full-time,Not specified
Data Scientist,Big Lots,Columbus; OH 43081  (Albany Commons area),"Data Mining, Computer Science, Data Structures, R, Analytics, Sales, Statistics, Data Warehouse, Marketing, Data Analytics, SQL, Quantitative analysis, Python",Not specified,Master; Bachelor,Full-time,Not specified
Data Scientist (Data Scientist 1),HII,Remote in Alexandria; VA,"Data Mining, Machine Learning, Project Management, Agile, Big Data, Software development, AI",4,Bachelor,Full-time,Not specified
Data Scientist,Microsoft,Atlanta; GA,"Data Mining, Forecasting, Computer Science, APIs, Machine Learning, Pandas, R, Java, Cloud Computing, Azure, Statistics, Research, NumPy, SQL, Quantitative analysis, Python",2,Doctorate; Master; Bachelor,Full-time,98;300 - 193;200 a year
Data Scientist,ePATHUSA Inc,Seattle; WA 98198,"Data Visualization, Computer Science, R, Statistics, Regression Analysis, SQL, A/B Testing, Python",3,Bachelor,Not specified,Not specified
Shortage Data Scientist I,Burlington Stores,Hybrid work in Burlington; NJ 08016,"Forecasting, Leadership, R, Analytics, Tableau, Data Visualization, Python, Excel",5,Bachelor,Full-time,80;000 - 105;000 a year
Data Scientist,Realign LLC,Bentonville; AR,"Data Mining, Power BI, Data Visualization, Computer Science, Machine Learning, R, Tableau, Statistics, Machine Learning Algorithms, SQL, Python",Not specified,Master; Bachelor,Full-time,Not specified
Data Scientist,eHealth,Remote,"Git, TensorFlow, Spark, Computer Science, MongoDB, Machine Learning, Scripting, Snowflake, Scikit-learn, PyTorch, NoSQL, Statistics, Github, SQL, Unix, Python, Distributed Systems",2,Bachelor,Full-time,92;400 - 115;500 a year
Data Scientist,US National Institutes of Health,Remote,"Data Mining, Computer Science, Machine Learning, R, MATLAB, Big Data, Tableau, Statistics, Data Visualization, AI, Python",Not specified,Bachelor,Full-time,139;395 - 181;216 a year
Associate Data Scientist,Northwell Health,Lake Success; NY 11020,"Data Analysis, Natural Language Processing, Leadership, Machine Learning, Data Structures, Agile, Analytics, Data Analytics, SQL, Python, Data Engineering",1,Bachelor,Full-time,66;220 - 108;180 a year
Data Scientist; Provider Selection Methodology,CVS Health,Hybrid work in New York; NY,"Data Visualization, Spark, Computer Science, Machine Learning, Azure, Cloud Computing, Analytics, Statistics, Machine Learning Algorithms, AWS, SQL, Python",1,Master; Bachelor,Full-time,82;915 - 175;100 a year
Senior Data Scientist; Risk Analytics,Extend,Remote,"Forecasting, Leadership, R, Analytics, Statistics, SQL, Python",4,Bachelor,Not specified,125;000 - 140;000 a year
Sr Azure Data Analyst,Intone Networks,Remote,Azure,Not specified,Not Specified,Not specified,Not specified
Data Scientist- Remote,Sharecare,Remote,"Data Mining, Data Analysis, Computer Science, R, Sales, Statistics, SAS, Research, Marketing, Leadership, A/B Testing, Python",4,Master,Full-time,Not specified
Data Scientist I (US),TD Bank,Remote in New York; NY,"Git, Data Mining, Machine Learning, R, Big Data, Research, SAS, Marketing, Data Analysis, Spark, Azure, Github, Machine Learning Algorithms, SQL, Banking, Python, Forecasting, Hadoop, Analytics, Statistics, Financial Services, Go, Leadership, Risk Management, Excel, Google Cloud, Java, AWS",5,Master; Bachelor,Full-time,76;128 - 124;800 a year
Associate Data Scientist,VNS Health,Manhattan; NY,"Forecasting, R, MATLAB, Statistical Software, Statistical Analysis, Statistics, SAS, SQL, Python, Julia",Not specified,Master,Full-time,85;000 - 106;300 a year
Data Analyst; Senior,Booz Allen,McLean; VA,"Data Mining, Power BI, Data Analysis, Tableau, Research, Leadership, AI, Quantitative analysis, Python",6,Bachelor,Full-time,75;600 - 172;000 a year
Sr Data Scientist,HNTB Corporation,Tallahassee; FL 32395,"Spark, Computer Science, Machine Learning, Hadoop, R, Analytics, Big Data, Statistics, Machine Learning Algorithms, SQL, Python",13,Master; Bachelor,Full-time,Not specified
Sr. Data Analyst,Goodwill Industries of Middle TN,Nashville; TN,"Power BI, Data Visualization, Forecasting, Data Analysis, Computer Science, Project Management, Analytics, Tableau, Statistics, Data Warehouse, Data Analytics, SQL",7,Master; Bachelor,Full-time,Not specified
Data Scientist,Royal Caribbean Group,Miami; FL 33132  (Port of Miami - Dodge Island area),"Data Mining, Machine Learning, R, Keras, Scala, SAS, Research, Marketing, Data Analysis, Spark, Scripting, Agile, Azure, Statistical Analysis, Software development, SQL, Deep Learning, AI, Python, Forecasting, APIs, Hadoop, MATLAB, Cloud Computing, Analytics, AWS, Statistics, Go, Data Analytics, TensorFlow, Natural Language Processing, Computer Science, Computer Vision, Java, Pig",5,Doctorate; Master,Full-time,Not specified
Sr. Data Scientist,CVS Health,Remote in Woonsocket; RI,"Git, Data Mining, Natural Language Processing, Computer Science, Machine Learning, R, Statistical Software, Analytics, Statistics, Data Analytics",Not specified,Master,Full-time,98;717 - 196;000 a year
Sr Data Scientist,Fanatics Inc.,Los Angeles; CA,"Data Mining, Presentation Skills, Machine Learning, R, PyTorch, Research, Marketing, Spark, Machine Learning Algorithms, SQL, Deep Learning, AI, Python, Data Engineering, Cloud Computing, MLOps, Statistics, Data Visualization, Computer Science",4,Doctorate; Master,Full-time,152;000 - 190;000 a year
Data Scientist (Expert) - Data & Analytics - IT - CS - US,Bayer,Creve Coeur; MO,"R, Java, Analytics, Statistical Analysis, Scala, Research, SQL, Python",2,Doctorate,Not specified,Not specified
Senior Data Scientist,Northeastern University,Portland; ME 04101  (Downtown area),"Git, Machine Learning, R, PyTorch, Research, Spark, Agile, SQL, Deep Learning, AI, Python, Linux, Forecasting, Hypothesis testing, Statistics, TensorFlow, Computer Science, Computer Vision, Java",Not specified,Doctorate; Master,Full-time,Not specified
Senior Data Scientist,Warner Bros. Discovery,Burbank; CA 91505,"Forecasting, Leadership, Machine Learning, R, Statistics, Research, Marketing, SQL, Python, Excel",4,Doctorate; Master,Not specified,119;700 - 222;300 a year
Data Scientist,CVS Health,Remote in New York; NY,"Data Mining, Machine Learning, R, Statistical Software, PyTorch, Big Data, Tableau, Research, Spark, Azure, Statistical Analysis, SQL, Hadoop, Analytics, Statistics, Natural Language Processing, Computer Science, Scikit-learn, AWS",Not specified,Master,Full-time,108;306 - 170;000 a year
Sr. Data Scientist,CVS Health,Hartford; CT,"Data Mining, Machine Learning, R, Statistical Software, PyTorch, Big Data, Tableau, Research, SAS, Marketing, Data Analysis, Spark, Azure, Statistical Analysis, Data Warehouse, SQL, Python, Hadoop, Analytics, AWS, NoSQL, Statistics, Natural Language Processing, Computer Science, HBase, Scikit-learn, Kafka, Pig",Not specified,Master,Full-time,94;500 - 196;000 a year
Senior Data Scientist,Hewlett Packard,Palo Alto; CA 94304,"Data Mining, TensorFlow, Computer Science, Machine Learning, Azure, Analytics, PyTorch, Software development, Statistics, Deep Learning, AWS, Data Analytics, Leadership, AI, Python",10,Not Specified,Not specified,143;850 - 221;550 a year
Associate Data Scientist - PLMI Analytics,Cleveland Clinic,Remote in Cleveland; OH 44195,"Computer Science, Leadership, Machine Learning, R, Analytics, Statistical Analysis, Big Data, Statistics, SAS, Tableau, SPSS, SQL, AI, Python",Not specified,Bachelor,Not specified,Not specified
Senior Data Analyst,Fanatics Inc.,Miramar; FL 33027,,Not specified,Not Specified,Not specified,Not specified
Sr. Data Scientist,CVS Health,Remote in New York; NY,,Not specified,Not Specified,Not specified,Not specified
Data Scientist,CVS Health,Remote in New York; NY,,Not specified,Not Specified,Not specified,Not specified
Senior Data Scientist,BASF Corporation,Charlotte; NC 28273  (Olde Whitehall area),,Not specified,Not Specified,Not specified,Not specified
Data Scientist,CVS Health,New York; NY,,Not specified,Not Specified,Not specified,Not specified
Sr. Data Scientist,CVS Health,New York; NY,,Not specified,Not Specified,Not specified,Not specified
Sr. Data Scientist,CVS Health,Remote in New York; NY,,Not specified,Not Specified,Not specified,Not specified
Data Scientist; Confluence,Atlassian,Remote in San Francisco; CA 94104,,Not specified,Not Specified,Not specified,Not specified
Senior Data Scientist,Featurespace,Atlanta; GA,,Not specified,Not Specified,Not specified,Not specified
Sr Data Scientist,CVS Health,Hybrid work in Woonsocket; RI,,Not specified,Not Specified,Not specified,Not specified
Data Scientist,Northeastern University,Portland; ME 04101  (Downtown area),,Not specified,Not Specified,Not specified,Not specified
Sr. Data Scientist,PRA Group,Hybrid work in Norfolk; VA 23502,,Not specified,Not Specified,Not specified,Not specified
Sr. Data Scientist,Pluralsight,Remote,,Not specified,Not Specified,Not specified,Not specified
Senior Data Scientist,PPG,Pittsburgh; PA,,Not specified,Not Specified,Not specified,Not specified
Senior Data Scientist,State of Indiana,Indianapolis; IN 46204  (Downtown area),,Not specified,Not Specified,Not specified,Not specified
Data Scientist,Oklahoma City Thunder,Oklahoma City; OK 73114,,Not specified,Not Specified,Not specified,Not specified
Senior Data Scientist,Xometry Inc,Lexington; KY,,Not specified,Not Specified,Not specified,Not specified
Data Scientist,Sony Electronics,Reston; VA,,Not specified,Not Specified,Not specified,Not specified
Sr. Data Scientist,Cadent,San Jose; CA 95113  (Downtown area),,Not specified,Not Specified,Not specified,Not specified
Data Analyst; Senior,Booz Allen,Arlington; VA,,Not specified,Not Specified,Not specified,Not specified
Data Scientist Bioinformatics,MD Anderson Cancer Center,Hybrid work in Houston; TX 77030,,Not specified,Not Specified,Not specified,Not specified
Senior Data Scientist,CVS Health,Hybrid work in Hartford; CT,,Not specified,Not Specified,Not specified,Not specified
Senior Data Scientist,Warner Bros. Discovery,Burbank; CA 91505,,Not specified,Not Specified,Not specified,Not specified
Data Scientist,Hewlett Packard,Spring; TX 77389,,Not specified,Not Specified,Not specified,Not specified
Sr Data Analyst - Remote,Optum,Remote in Eden Prairie; MN 55343,,Not specified,Not Specified,Not specified,Not specified
Senior; Data Scientist,Macy’s,Hybrid work in Johns Creek; GA 30097,,Not specified,Not Specified,Not specified,Not specified
Sr Data Analyst,Honeywell,Hybrid work in Kansas City; MO 64114,,Not specified,Not Specified,Not specified,Not specified
Associate Data Scientist - PLMI Analytics,Cleveland Clinic,Remote in Cleveland; OH 44195,,Not specified,Not Specified,Not specified,Not specified
Senior Data Analyst,Zynga,San Francisco Bay Area; CA,,Not specified,Not Specified,Not specified,Not specified
Senior Data Scientist,Schneider,Green Bay; WI 54301,,Not specified,Not Specified,Not specified,Not specified
Data Scientist,Valley National Bank,Morristown; NJ 07960,,Not specified,Not Specified,Not specified,Not specified
Data Scientist,Schneider,Green Bay; WI 54301,,Not specified,Not Specified,Not specified,Not specified
Data Scientist (Data Scientist 1),HII,Remote in Alexandria; VA,,Not specified,Not Specified,Not specified,Not specified
Data Scientist,Federal Reserve Bank of Dallas,Hybrid work in Dallas; TX 75201,,Not specified,Not Specified,Not specified,Not specified
Senior Data Analyst,Zynga,San Francisco Bay Area; CA,,Not specified,Not Specified,Not specified,Not specified
Data Scientist,University of California San Francisco,San Francisco; CA 94143  (Inner Sunset area),,Not specified,Not Specified,Not specified,Not specified
Senior Data Scientist,Hewlett Packard,Palo Alto; CA 94304,,Not specified,Not Specified,Not specified,Not specified
Data Scientist,Takeda Pharmaceutical,Boston; MA,,Not specified,Not Specified,Not specified,Not specified
Senior Data Scientist,CVS Health,Hybrid work in Hartford; CT,,Not specified,Not Specified,Not specified,Not specified
Sr. Data Scientist,Skyworks,Irvine; CA,,Not specified,Not Specified,Not specified,Not specified
Senior Data Scientist,Schneider,Green Bay; WI 54301,,Not specified,Not Specified,Not specified,Not specified
Data Scientist,Office of Statewide Pretrial Services,Springfield; IL,,Not specified,Not Specified,Not specified,Not specified
Associate Data Scientist - PLMI Analytics,Cleveland Clinic,Remote in Cleveland; OH 44195,,Not specified,Not Specified,Not specified,Not specified
Senior Data Scientist,Providence,Remote in Renton; WA 98057,,Not specified,Not Specified,Not specified,Not specified
Data Scientist - Enterprise Analytics,HealthFirst,New York; NY 10007  (Tribeca area),,Not specified,Not Specified,Not specified,Not specified
Sr. Data Analyst,The Iowa Clinic,West Des Moines; IA 50266,,Not specified,Not Specified,Not specified,Not specified
Sr Data Scientist,Adobe,San Jose; CA 95110  (Downtown area),,Not specified,Not Specified,Not specified,Not specified
Data Scientist or Data Scientist Senior,Marshfield Clinic Health System,Marshfield; WI 54449,,Not specified,Not Specified,Not specified,Not specified
Senior; Data Scientist,Macy’s,Hybrid work in Johns Creek; GA 30097,,Not specified,Not Specified,Not specified,Not specified
Data Scientist I,Magnite,Boston; MA,,Not specified,Not Specified,Not specified,Not specified
Data Scientist,Spotify,New York; NY,"Data Analysis, R, Analytics, Tableau, Scala, Matplotlib, Research, SQL, A/B Testing, Python",3,Not Specified,Not specified,107;766 - 153;951 a year
Senior Data Scientist,Navy Federal Credit Union,Pensacola; FL 32526,"Forecasting, Data Analysis, Leadership, Data Structures, R, Analytics, Statistical Analysis, Big Data, Statistics, Tableau, Data Warehouse, Research, Financial Services, SQL, Python",Not specified,Master,Not specified,97;500 - 173;675 a year
Data Scientist,Design Interactive,Orlando; FL 32817,"Machine Learning, R, Tableau, Research, Scripting, Azure, Software development, SQL, AI, Python, Docker, APIs, Hypothesis testing, Project Management, Statistics, Go, Data Visualization, Leadership, Computer Science, Computer Vision, Java",8,Doctorate; Master,Not specified,85;000 - 100;000 a year
Data Scientist,Lockton; Inc.,Dallas; TX,"Data Mining, Forecasting, Computer Science, APIs, Machine Learning, R, Agile, Analytics, Big Data, Software development, Statistics, SAS, Data Warehouse, Research, Data Analytics, SQL, Python, Excel",2,Master; Bachelor,Full-time,Not specified
Data Scientist,JARB Management Inc,Clearwater; FL,"Power BI, Data Visualization, Computer Science, Pandas, Data Structures, Analytics, NumPy, SQL, Python, Data Engineering",Not specified,Not Specified,Full-time,Not specified
Senior Data Analyst,Vanderbilt University,Hybrid work in Nashville; TN 37232,"Data Analysis, R, Project Management, Analytics, Tableau, Statistics, Research, Data Warehouse, Go, Data Visualization",Not specified,Master,Full-time,Not specified
Sr. Data Analyst - Remote,UnitedHealthcare,Remote in Minnetonka; MN 55305,"Git, Forecasting, Machine Learning, R, Agile, Analytics, JSON, SQL, AI, Python",3,Master,Full-time,88;000 - 173;200 a year
Senior Data Analyst,JLL,Boulder; CO,"Google Cloud, Data Visualization, Data Analysis, Spark, Computer Science, R, Analytics, Statistics, Data Warehouse, SQL, Python, Excel",3,Bachelor,Not specified,130;000 - 170;000 a year
Sr. Data Scientist,Mass General Brigham,Somerville; MA 02145  (Assembly Square area),"Data Mining, Machine Learning, R, Research, SAS, Data Analysis, Statistical Analysis, SPSS, Machine Learning Algorithms, SQL, Data Structures, Python, MATLAB, Analytics, Statistics, Data Analytics, Natural Language Processing, Computer Science, Java",7,Doctorate; Master,Full-time,Not specified
Senior Data Scientist,Aurora Innovation,Mountain View; CA,"Forecasting, Computer Science, PyTorch, Big Data, AWS, Statistics, Research, NumPy, SQL, Python, Data Engineering",4,Doctorate,Not specified,168;000 - 252;000 a year
Data Scientist; Provider Selection Methodology,CVS Health,Hybrid work in New York; NY,,Not specified,Not Specified,Not specified,Not specified
Data Scientist,BI USA,Hybrid work in Ridgefield; CT 06877,,Not specified,Not Specified,Not specified,Not specified
Data Scientist,Copeland,Sidney; OH,,Not specified,Not Specified,Not specified,Not specified
Corporate Analytics Data Scientist,Hawaii Medical Service Association,Hybrid work in Honolulu; HI 96814,,Not specified,Not Specified,Not specified,Not specified
Data Scientist,CVS Health,Chicago; IL,,Not specified,Not Specified,Not specified,Not specified
Sr Data Scientist - Demand Forecasting,Target,Minneapolis; MN 55445,,Not specified,Not Specified,Not specified,Not specified
Senior Data Scientist - Support,Afterpay,Remote in San Francisco; CA,,Not specified,Not Specified,Not specified,Not specified
Data Scientist II,Warner Bros. Discovery,Culver City; CA 90232,,Not specified,Not Specified,Not specified,Not specified
Sr. Data Analyst,Bloomberg BNA,Arlington; VA 22202  (Aurora Highlands area),,Not specified,Not Specified,Not specified,Not specified
Data Scientist I/II,Fred Hutchinson Cancer Center,Seattle; WA 98102  (South Lake Union area),,Not specified,Not Specified,Not specified,Not specified
Senior Data Scientist,Bonterra Tech,Remote,,Not specified,Not Specified,Not specified,Not specified
Senior Healthcare Data Analyst (HEDIS),Sentara Healthcare,Glen Allen; VA 23060,,Not specified,Not Specified,Not specified,Not specified
Data Scientist,AstraZeneca,Mount Vernon; IN 47620,,Not specified,Not Specified,Not specified,Not specified
Senior Data Scientist - Payer Analytics,CVS Health,Remote in Hartford; CT,,Not specified,Not Specified,Not specified,Not specified
Data Scientist Senior,Elevance Health,Hybrid work in Arlington; VA 22201,,Not specified,Not Specified,Not specified,Not specified
Senior Data Scientist,Navy Federal Credit Union,Pensacola; FL 32526,,Not specified,Not Specified,Not specified,Not specified
Data Scientist,JARB Management Inc,Clearwater; FL,,Not specified,Not Specified,Not specified,Not specified
Data Scientist,Adobe,Seattle; WA 98103  (Fremont area),,Not specified,Not Specified,Not specified,Not specified
Senior Data Scientist,Hewlett Packard,Palo Alto; CA 94304,,Not specified,Not Specified,Not specified,Not specified
DATA SCIENTIST,University of Washington,Seattle; WA 98195  (University District area),,Not specified,Not Specified,Not specified,Not specified
Data Scientist,Office of Statewide Pretrial Services,Springfield; IL,,Not specified,Not Specified,Not specified,Not specified
Data Scientist,U-Haul,Phoenix; AZ 85004  (Encanto area),,Not specified,Not Specified,Not specified,Not specified
Data Scientist,The Mosaic Company,Tampa; FL,,Not specified,Not Specified,Not specified,Not specified
Sr Data Scientist,CEDENT,Atlanta; GA,,Not specified,Not Specified,Not specified,Not specified
Sr. Data Analyst,The Iowa Clinic,West Des Moines; IA 50266,,Not specified,Not Specified,Not specified,Not specified
Senior Data Analyst,Hearth,New York; NY  (Chelsea area),,Not specified,Not Specified,Not specified,Not specified
Data Scientist,Vertiv Group Corp,Westerville; OH,,Not specified,Not Specified,Not specified,Not specified
Sr Data Scientist,HCSC,Chicago; IL,,Not specified,Not Specified,Not specified,Not specified
Principal Data Scientist - Remote,UnitedHealthcare,Remote in Minnetonka; MN 55305,,Not specified,Not Specified,Not specified,Not specified
Senior Data Scientist - Thousand Oaks; CA,Amgen,Remote in Thousand Oaks; CA,,Not specified,Not Specified,Not specified,Not specified
Data Scientist,Zynex Medical,Englewood; CO 80112,,Not specified,Not Specified,Not specified,Not specified
Senior Data Scientist,Magna International Inc.,Lowell; MA 01854,,Not specified,Not Specified,Not specified,Not specified
Sr Data Scientist,Adobe,San Jose; CA 95110  (Downtown area),,Not specified,Not Specified,Not specified,Not specified
Sr. Data Analyst,Uber,San Francisco; CA,,Not specified,Not Specified,Not specified,Not specified
Sr Data Scientist,CEDENT,Atlanta; GA,,Not specified,Not Specified,Not specified,Not specified
Statistical Programmer/Data Analyst RECOVER,Massachusetts General Hospital(MGH),Boston; MA 02114  (West End area),,Not specified,Not Specified,Not specified,Not specified
Data Engineer,NTT DATA,Remote in Louisville; KY 40201,,Not specified,Not Specified,Not specified,Not specified
Sr Data Analyst,Trilogy Federal LLC,Remote in Arlington; VA,,Not specified,Not Specified,Not specified,Not specified
Principal Data Scientist - Remote,UnitedHealthcare,Remote in Minnetonka; MN 55305,,Not specified,Not Specified,Not specified,Not specified
Data Scientist,Carrier,Atlanta; GA 30339,,Not specified,Not Specified,Not specified,Not specified
Senior Data Scientist,Signet Jewelers,Remote in Coppell; TX 75019,,Not specified,Not Specified,Not specified,Not specified
Sr. Data Scientist,Mass General Brigham,Somerville; MA 02145  (Assembly Square area),,Not specified,Not Specified,Not specified,Not specified
Data Scientist (Direct Hire Authority),US Food and Nutrition Service,Remote,,Not specified,Not Specified,Not specified,Not specified
Data Scientist,Oklahoma State University,Stillwater; OK 74075,,Not specified,Not Specified,Not specified,Not specified
Sr Data Scientist,HCSC,Chicago; IL,,Not specified,Not Specified,Not specified,Not specified
Statistical Programmer/Data Analyst RECOVER,Massachusetts General Hospital(MGH),Boston; MA 02114  (West End area),,Not specified,Not Specified,Not specified,Not specified
Sr. Data Scientist,Mass General Brigham,Somerville; MA 02145  (Assembly Square area),,Not specified,Not Specified,Not specified,Not specified
Data Scientist - Marketing Analytics,UL Solutions,Northbrook; IL 60062,,Not specified,Not Specified,Not specified,Not specified
Senior Data Scientist,Signet Jewelers,Remote in Coppell; TX 75019,,Not specified,Not Specified,Not specified,Not specified
Data Scientist/Senior Data Scientist,Navy Federal Credit Union,Vienna; VA 22180,,Not specified,Not Specified,Not specified,Not specified
Senior Data Analyst,Alliant Energy,Madison; WI 53718,,Not specified,Not Specified,Not specified,Not specified
Data Scientist I,Black Knight,Hybrid work in Jacksonville; FL,,Not specified,Not Specified,Not specified,Not specified
Senior Data Scientist,AAA Life Insurance Company,Remote in Livonia; MI 48152,,Not specified,Not Specified,Full-time,Not specified
DATA SCIENTIST,City of Chicago,Chicago; IL 60622  (West Town area),"Data Visualization, Data Analysis, Computer Science, Analytics, Tableau, Statistics, Research, Data Analytics, SQL, Excel",Not specified,Doctorate; Master; Bachelor,Not specified,112;404 a year
Principal Data Scientist,Bunge,Hybrid work in Chesterfield; MO 63017,"Data Analysis, Computer Science, Leadership, Machine Learning, R, Agile, Analytics, Data Analytics, SQL, Python",5,Doctorate,Not specified,Not specified
Data Scientist,Apple,Cupertino; CA,"TensorFlow, Data Analysis, Machine Learning, Computer Vision, Pandas, Scripting, PyTorch, Research, Matplotlib, Deep Learning, NumPy, AI, Python",3,Not Specified,Not specified,138;900 - 256;500 a year
Data Scientist - Analytics II,AppLovin,Palo Alto; CA 94301  (University South area),"Computer Science, Analytics, Data Analytics, Data Visualization, AI",3,Master,Not specified,103;000 - 163;000 a year
Senior Associate; Data Scientist,BNY Mellon,Pittsburgh; PA 15219  (Central Business District area),"Python, REST, Java, Financial Services, AI, Banking",240,Bachelor,Not specified,Not specified
Data Scientist; HR Talent Science,Marriott International; Inc,Bethesda; MD 20814  (Wisconsin North area),"Docker, Data Analysis, Spark, Computer Science, APIs, R, Scripting, Java, Analytics, Statistics, Research, AWS, Data Analytics, SQL, Python",6,Master,Full-time,Not specified
Sr. Data Scientist,AppFolio,Santa Barbara; CA 93117,"Data Visualization, Data Analysis, Machine Learning, Pandas, Data Structures, Analytics, Tableau, Statistics, Analysis Skills, Data Analysis Skills, SQL, AI, Python, Data Engineering",4,Not Specified,Full-time,123;000 - 185;000 a year
Senior Data Scientist; Risk Analytics,Extend,Remote,"Forecasting, Leadership, R, Analytics, Statistics, SQL, Python",4,Bachelor,Not specified,125;000 - 140;000 a year
Sr. Data Scientist,CVS Health,Remote in Woonsocket; RI,"Spark, Machine Learning, Hadoop, R, Azure, Analytics, Statistical Analysis, Big Data, Research, SAS, Data Warehouse, AWS, SQL, Python",Not specified,Master,Full-time,81;000 - 162;000 a year
Principal Data Scientist,Jacobs Engineering Group Inc.,Remote in Irvine; CA 92602,"Data Analysis, Computer Science, Machine Learning, Analytics, Statistics, Analysis Skills, Regression Analysis, Machine Learning Algorithms, Data Analysis Skills, Research, SQL, Python",5,Doctorate,Not specified,130;000 - 155;000 a year
Senior; Data Scientist,Macy’s,Hybrid work in Johns Creek; GA 30097,"Google Cloud, Machine Learning, Agile, Analytics, Big Data, Marketing, Leadership, AI",5,Doctorate; Master,Not specified,123;480 - 206;040 a year
Senior Associate; Data Scientist,The Bank of New York Mellon Corporation,Pittsburgh; PA,"Python, REST, Java, Financial Services, AI, Banking",240,Bachelor,Not specified,Not specified
Data Science Analyst,Cenovus Energy,Columbus; OH,"Git, Data Mining, Computer Science, Leadership, Machine Learning, R, Analytics, Statistics, Marketing, SQL, Python",3,Bachelor,Full-time,Not specified
Data Scientist II,Central Mutual Insurance Company,Hybrid work in Dublin; OH 43017,"Git, Data Mining, Power BI, Machine Learning, R, Tableau, Scala, SAS, Spark, Azure, SQL, Python, APIs, Hadoop, Cloud Computing, Analytics, Data Visualization, Leadership, Computer Science, Java, AWS",4,Master; Bachelor,Full-time,Not specified
Senior Data Scientist,Dynata,Remote,"Git, Presentation Skills, Hypothesis testing, R, Analytics, Software development, Statistics, SPSS, Research, SQL, Python, Jira, Excel",7,Doctorate; Master,Full-time,100;000 - 130;000 a year
Senior Data Scientist,Capital One,McLean; VA,"Data Analysis, Spark, Machine Learning, R, Cloud Computing, Analytics, Big Data, Scala, Research, AWS, Data Analytics, SQL, Deep Learning, Python",2,Doctorate; Master; Bachelor,Full-time,Not specified
Data Scientist,Revenue Management Solutions Llc,Oklahoma City; OK 73120,"Data Mining, Data Visualization, Computer Science, R, Statistical Software, Statistical Analysis, Statistics, SAS, Research, SQL, Python",15,Master; Bachelor,Full-time,Not specified
Principal Data Scientist,Atlassian,Remote in San Francisco; CA 94104,"Forecasting, Leadership, R, Analytics, Tableau, Go, SQL, Quantitative analysis, Python",8,Not Specified,Full-time,Not specified
SENIOR DATA ANALYST,Summit Pacific Medical Center,Elma; WA 98541,"Data Analysis, Computer Science, Statistical Analysis, Statistics, SQL",Not specified,Master; Bachelor,Full-time,Not specified
Data Scientist II,T.D. Williamson; Inc.,Salt Lake City; UT,"Data Analysis, Computer Science, Machine Learning, Sales, Data lake, Regression Analysis, Python",4,Not Specified,Full-time,Not specified
DATA SCIENTIST,Los Angeles County Department of Human Resources,Los Angeles County; CA,"Data Mining, Data Analysis, Machine Learning, Scripting, Analytics, Statistical Analysis, Big Data, Statistics, Research, Data Analytics, Data Visualization, Encryption",16,Doctorate; Master; Bachelor,Full-time,Not specified
Sr. Data Scientist,Finch Computing,Beavercreek; OH 45431,"Machine Learning, Pandas, PyTorch, Data Analysis, Agile, Software development, SQL, Deep Learning, AI, Python, Linux, Analytics, NoSQL, Statistics, NumPy, Excel, Natural Language Processing, Computer Science, Java, Scikit-learn",3,Bachelor,Not specified,Not specified
Data Scientist (Data Scientist 1),HII,Remote in Alexandria; VA,"Data Mining, Machine Learning, Project Management, Agile, Big Data, Software development, AI",4,Bachelor,Full-time,Not specified
Data Scientist,US Federal Retirement Thrift Investment Board,Washington; DC 20001  (Sursum Corda Cooperative area),"Power BI, Machine Learning, R, Statistical Software, Tableau, Research, Statistical Analysis, SQL, AI, Python, Cloud Computing, Analytics, Redshift, Statistics, Data Analytics, Data Visualization, Leadership, Excel, Natural Language Processing, Computer Science, AWS",Not specified,Not Specified,Full-time,139;395 - 181;216 a year
Sr. Data Scientist,Smile Doctors,Remote,"Power BI, Forecasting, Computer Science, Machine Learning, R, Snowflake, Analytics, Sales, Big Data, Tableau, Statistics, Marketing, SQL, Deep Learning, Python, Excel",Not specified,Bachelor,Full-time,Not specified
Sr Data Scientist (Optimizations),Syneos - Clinical and Corporate - Prod,Remote,"Machine learning frameworks, Computer Science, Machine Learning, Azure, Analytics, Scikit-learn, Research, SciPy, Python",5,Doctorate; Master; Bachelor,Full-time,$102;600 - $178;600 \$(\d+;\d+)
Data Scientist,RAND Corporation,Hybrid work in Los Angeles; CA,"R, Statistical Analysis, Statistics, SAS, Research, SQL, Python",Not specified,Not Specified,Full-time,Not specified
Principal Data Scientist,Amgen,Remote in Washington; DC 20004,"Data Analysis, Machine Learning, R, Analytics, Sales, Tableau, Research, Data Visualization",12,Doctorate; Master; Bachelor,Not specified,159;980 - 193;021 a year
Data Scientist,MIT Lincoln Laboratory,Lexington; MA,"Data Analysis, Computer Science, R, MATLAB, Analytics, Statistics, Github, Quantitative analysis, Python",Not specified,Bachelor,Not specified,Not specified
Data Scientist,New York University,Hybrid work in New York; NY 10012,"Machine Learning, Pandas, R, Statistical Software, Tableau, Research, Quantitative analysis, Data Analysis, JSON, Scripting, Azure, Statistical Analysis, Machine Learning Algorithms, Python, Analytics, Statistics, Data Visualization, NumPy, Computer Science, Scikit-learn, AWS",5,Master,Full-time,135;000 - 155;000 a year
Senior Associate; Data Scientist,BNY Mellon,Pittsburgh; PA 15219  (Central Business District area),"Python, REST, Java, Financial Services, AI, Banking",240,Bachelor,Not specified,Not specified
Data Scientist,Oncorre,Bridgewater; NJ 08807,"XML, Unix, Java, AWS, MySQL, Linux",4,Not Specified,Full-time,163;238 a year
Senior Data Analyst,Gravie,Hybrid work in Minneapolis; MN 55402,"R, Analytics, Tableau, Statistics, Redshift, AWS, Data Analytics, SQL, Python, Excel",3,Not Specified,Full-time,Not specified
Senior Data Scientist,Dotdash Meredith,Remote,"Computer Science, Machine Learning, Statistics, AWS, Python, Julia",3,Doctorate; Master,Full-time,112;000 - 160;000 a year
Data Scientist,Johnsonville,Sheboygan Falls; WI,"Data Visualization, Machine learning frameworks, Data Analysis, Computer Science, Leadership, Machine Learning, R, Analytics, Statistics, Research, SQL, Python",5,Bachelor,Full-time,Not specified
Data Scientist 1/2 or Sr,MidAmerican Energy,Des Moines; IA,"Power BI, R, SAS, Spark, Agile, Azure, Software development, SPSS, SQL, Python, Hadoop, Project Management, MATLAB, Analytics, Data lake, NoSQL, Data Analytics, Leadership, Pig, Computer Science, Kafka",Not specified,Master; Bachelor,Full-time,Not specified
Senior Data Scientist,Headway.co,Remote,"Data Analysis, Spark, Computer Science, Machine Learning, Java, Analytics, Research, Data Analytics, Python, Data Engineering",3,Doctorate; Master,Not specified,Not specified
Sr. Data Scientist,CVS Health,Remote in New York; NY,"Data Mining, TensorFlow, Natural Language Processing, Computer Science, Machine Learning, Pandas, R, Statistical Software, Analytics, Scikit-learn, Keras, Tableau, Statistics, NumPy, SQL, MySQL, Python",Not specified,Master,Full-time,108;306 - 196;000 a year
Data Scientist,FIBERTEK; INC.,Fort Belvoir; VA 22060,,10,Bachelor,Full-time,Not specified
Senior Data Scientist,Providence,Remote in Renton; WA 98057,"Power BI, Data Visualization, Forecasting, Data Analysis, Computer Science, Machine Learning, R, Snowflake, Azure, Analytics, Big Data, Tableau, Scala, SAS, Statistics, Machine Learning Algorithms, SQL, Python",6,Master,Full-time,Not specified
Data Scientist,Araceli Biosciences,Hybrid work in Tigard; OR,"Machine Learning, Pandas, R, PyTorch, Keras, Research, Marketing, Data Analysis, Software development, AI, Python, Feature Extraction, Analytics, Statistics, Data Visualization, NumPy, TensorFlow, Computer Science, Computer Vision",5,Bachelor,Not specified,Not specified
Data Scientist,MIT Lincoln Laboratory,Lexington; MA,"AI, Research, Analytics",5,Doctorate; Master,Not specified,Not specified
Senior Data Analyst,ReadyRefresh,Northbrook; IL 60065,"Data Visualization, Quantitative analysis, Data Analysis, Computer Science, Azure, Analytics, Tableau, Data Warehouse, AWS, SQL, MySQL, Python, Excel",3,Bachelor,Not specified,Not specified
Data Scientist,Xavier University of Louisiana,New Orleans; LA 70125  (Gert Town area),"Computer Science, Machine Learning, Statistics, Research, Leadership",Not specified,Doctorate,Not specified,Not specified
Sr. Data Scientist; CMC Data Science,Moderna,Norwood; MA,"Power BI, Computer Science, Leadership, Machine Learning, R, Statistical Software, Analytics, Statistical Analysis, Tableau, Statistics, Research, SQL, Python",5,Doctorate,Not specified,Not specified
Data Scientist,DCS Corp,Fort Belvoir; VA,"Data Analysis, Analytics",15,Bachelor,Full-time,Not specified
Data Scientist,CALIBRE Systems; Inc.,Alexandria; VA,"Data Analysis, Leadership, Machine Learning, R, Analytics, Tableau, Statistics, Analysis Skills, Research, Data Analytics, Data Visualization, Quantitative analysis, Python",3,Not Specified,Full-time,Not specified
Data Scientist,Featurespace,Atlanta; GA,"Data Analysis, Computer Science, Machine Learning, Data Structures, R, Java, Analytics, Machine Learning Algorithms, Python",Not specified,Not Specified,Not specified,Not specified
Data Scientist II,Honeywell,Hybrid work in Kansas City; MO 64147,"Software development, Leadership, Machine Learning, Analytics",Not specified,Master,Not specified,Not specified
NGSE Data Scientist,Zoetis,Parsippany; NJ 07054,"Data Mining, Data Visualization, Computer Science, Machine Learning, Data Structures, R, Scripting, Azure, Analytics, Sales, Big Data, Tableau, Statistics, Research, Marketing, SQL, Python",2,Master,Full-time,Not specified
Sr. Data Scientist; Analytics,Quizlet,New York; NY,"Machine Learning, Analytics, Research, Go, SQL, A/B Testing, Data Engineering",4,Master,Full-time,132;000 - 172;500 a year
Senior Data Scientist; Customer Analytics,Atlassian,Remote in San Francisco; CA 94104,"R, Analytics, Statistics, Go, SQL, Python",Not specified,Doctorate; Master,Full-time,Not specified
Data Scientist (Data Scientist 1),HII,Remote in Alexandria; VA,"Data Mining, Machine Learning, Project Management, Agile, Big Data, Software development, AI",4,Bachelor,Full-time,Not specified
Sr. Data Scientist,CVS Health,Remote in Woonsocket; RI,"Spark, Machine Learning, Hadoop, R, Azure, Analytics, Statistical Analysis, Big Data, Research, SAS, Data Warehouse, AWS, SQL, Python",Not specified,Master,Full-time,81;000 - 162;000 a year
Sr Data Scientist (Optimizations),Syneos - Clinical and Corporate - Prod,Remote,"Machine learning frameworks, Computer Science, Machine Learning, Azure, Analytics, Scikit-learn, Research, SciPy, Python",5,Doctorate; Master; Bachelor,Full-time,$102;600 - $178;600 \$(\d+;\d+)
Data Scientist - HR,Portland General Electric,Portland; OR,"Power BI, Data Visualization, Data Analysis, Computer Science, Presentation Skills, Machine Learning, Leadership, R, Azure, Analytics, Statistical Analysis, Tableau, Statistics, Machine Learning Algorithms, AWS, SQL, Python",3,Not Specified,Full-time,100;200 - 167;000 a year
Data Scientist,onsemi,Scottsdale; AZ,"Git, Machine Learning, Pandas, Snowflake, Tableau, Marketing, Azure, Software development, Machine Learning Algorithms, SQL, Deep Learning, AI, Python, Forecasting, Analytics, Statistics, Data Visualization, Computer Science, Computer Vision, Sales",2,Not Specified,Full-time,Not specified
Applied Scientist II,Qualtrics,Seattle; WA 98101  (Downtown area),"TensorFlow, Natural Language Processing, Computer Science, REST, Machine Learning, Computer Vision, R, Agile, PyTorch, Research, Deep Learning, Leadership, AI, Reinforcement Learning, Python",2,Bachelor,Part-time,Not specified
Data Scientist,CACI,Springfield; VA 22150,"Natural Language Processing, Computer Science, Perl, Scripting, MATLAB, Java, Research, Leadership, Unix, Python, Linux",60,Bachelor,Full-time,Not specified
Data Scientist,KeyLogic Systems,Washington; DC,"TensorFlow, Spark, Computer Science, Machine Learning, Analytics, PyTorch, Deep Learning, Data Analytics, Leadership, AI",4,Doctorate; Master; Bachelor,Not specified,Not specified
Data Scientist,Polaris Inc.,Remote in Plymouth; MN 55442,"Forecasting, Data Analysis, Natural Language Processing, Computer Science, Pandas, APIs, R, Agile, Azure, Analytics, Snowflake, Statistics, Matplotlib, SQL, Deep Learning, Python",2,Bachelor,Full-time,Not specified
Data Scientist,Oklahoma State University,Stillwater; OK 74075,"Data Mining, Power BI, Machine Learning, Pandas, R, Tableau, Research, Seaborn, Data Analysis, Azure, Statistical Analysis, SQL, Python, Julia, Hypothesis testing, Project Management, Cloud Computing, Analytics, Statistics, Matplotlib, Data Analytics, Data Visualization, Google Cloud, Computer Science, AWS",5,Not Specified,Full-time,80;000 - 110;000 a year
Senior Data Scientist,sweetgreen,Los Angeles; CA  (Mid City West area),"Git, Computer Science, Leadership, Machine Learning, Pandas, Snowflake, Analytics, Scikit-learn, Statistical Analysis, PyTorch, Statistics, Research, SQL, Deep Learning, Reinforcement Learning, Python",7,Bachelor,Full-time,140;000 - 170;000 a year
Senior Data Analyst,University of Texas at Tyler Health Science Center,Tyler; TX,"SQL, Data Analysis, Computer Science, Research",Not specified,Master; Bachelor,Full-time,Not specified
Data Scientist; Machine Learning,Samsung Electronics,Mountain View; CA 94043,"Data Mining, TensorFlow, Spark, Leadership, Machine Learning, Analytics, PyTorch, Big Data, Software development, Statistics, Go, Data Analytics, SQL, Python",4,Doctorate; Master,Not specified,Not specified
Senior Data Analyst,Merchants Bank of Indiana,Carmel; IN 46032,"Power BI, Computer Science, Agile, Java, Analytics, SQL, Banking, Python, Excel",Not specified,Bachelor,Full-time,Not specified
Population Health Business Data Scientist,UT Health Science Center at San Antonio,San Antonio; TX 78229,"Data Analytics, Data Mining, Leadership, Analytics",Not specified,Not Specified,Full-time,Not specified
Data Scientist (Data Scientist 1),HII,Remote in Alexandria; VA,"Data Mining, Machine Learning, Project Management, Agile, Big Data, Software development, AI",4,Bachelor,Full-time,Not specified
Senior Data Analyst,NimbleRx,Redwood City; CA,"Data Analysis, Data Structures, R, Analytics, Statistics, Data Analytics, SQL, Python, Excel",3,Bachelor,Full-time,130;000 - 160;000 a year
Data Scientist,University of Wisconsin–Madison,Madison; WI 53706,"Computer Science, R, Statistics, Research, Python, Linux",Not specified,Master; Bachelor,Full-time,50;000 a year
Senior Data Analyst,Highway Transport,Knoxville; TN 37932,"Data Mining, Power BI, Data Visualization, Computer Science, Analytics, Sales, Tableau, Statistics, Data Warehouse, Data Analytics, SQL, AI",6,Master; Bachelor,Full-time,Not specified
Data Scientist; Health Economics,VNS Health,Manhattan; NY,"Data Mining, Data Analysis, Computer Science, Data Structures, R, MATLAB, Big Data, Statistics, Github, SQL, Python",2,Not Specified,Full-time,93;400 - 116;800 a year
FinTech Data Scientist,Vanguard,Malvern; PA,"Big Data, Machine Learning, Analytics",Not specified,Bachelor,Not specified,Not specified
Senior Underwriting Data Analyst,Church Mutual Insurance; S.I.,Hybrid work in Merrill; WI 54452,"Tableau, Research, SAS, Leadership, Excel",Not specified,Bachelor,Full-time,103;500 a year
Applied Machine Learning Scientist,Grainger,Hybrid work in Chicago; IL 60654,"Docker, Kubernetes, Computer Science, APIs, REST, Scripting, Sales, Statistics, SQL, Python",100,Master; Bachelor,Not specified,Not specified
Evaluation & Data Scientist,University of Oklahoma,Norman; OK,"Leadership, Project Leadership, Project Management, Statistical Analysis, Statistics, Analysis Skills, Research, Data Visualization, Quantitative analysis, Risk Management",5,Doctorate; Bachelor,Full-time,60;000 - 70;000 a year
Data Scientist II,Black Eagle Defense,Annapolis Junction; MD,"Data Mining, Computer Science, Hypothesis testing, Machine Learning, Data Structures, Statistical Analysis, Statistics, Research, Python",5,Bachelor,Full-time,Not specified
Data Scientist I,Murphy USA,El Dorado; AR 71730,"Data Mining, Data Analysis, Computer Science, Machine Learning, Scripting, Agile, Analytics, Statistics, AI",3,Master; Bachelor,Not specified,Not specified
Data Scientist,CACI,Norco; CA 92860,"Data Mining, Data Visualization, Agile, Statistical Analysis",60,Not Specified,Full-time,Not specified
Senior Data Analyst,Grainger,Lake Forest; IL 60045,"Power BI, Data Visualization, Data Analysis, Leadership, Project Management, Snowflake, Analytics, Sales, Data Analytics, SQL, Python, Excel",100,Bachelor,Not specified,Not specified
Data Scientist,CACI,Frederick; MD 21701,,60,Not Specified,Full-time,Not specified
DATA SCIENTIST,US Air Force Materiel Command,Wright-Patterson AFB; OH,"Research, Statistics, Computer Science, Go",6,Not Specified,Part-time,65;370 - 91;765 a year
Data Scientist,CVS Health,New York; NY,"Git, Data Mining, Machine Learning, Statistical Software, PyTorch, Big Data, Tableau, Research, Jira, Spark, Azure, Statistical Analysis, Python, APIs, Hadoop, Analytics, AWS, Statistics, Data Analytics, Natural Language Processing, Computer Science, Scikit-learn, JSON, MySQL",Not specified,Master,Full-time,108;306 - 170;000 a year
Data Scientist (Data Scientist 1),HII,Remote in Alexandria; VA,"Data Mining, Machine Learning, Project Management, Agile, Big Data, Software development, AI",4,Bachelor,Full-time,Not specified
Senior Data Scientist,Providence,Remote in Renton; WA 98057,"Power BI, Data Visualization, Forecasting, Data Analysis, Computer Science, Machine Learning, R, Snowflake, Azure, Analytics, Big Data, Tableau, Scala, SAS, Statistics, Machine Learning Algorithms, SQL, Python",6,Master,Full-time,Not specified
Data Scientist II,at Cars Commerce,Remote,"Natural Language Processing, Machine Learning, Statistics, Research, Machine Learning Algorithms, AWS, SQL, Deep Learning, Python",2,Doctorate; Master,Not specified,90;500 - 115;000 a year
People Data Scientist,Yale University,Hybrid work in New Haven; CT 06511,"Power BI, Data Visualization, Data Analysis, Computer Science, Hypothesis testing, Machine Learning, R, Analytics, Statistical Analysis, Tableau, Statistics, Research, SQL, Python",2,Doctorate; Master,Full-time,Not specified
Senior Data Scientist,Formotiv,Remote,"Data Visualization, Spark, Computer Science, Machine Learning, Data Structures, Hadoop, Snowflake, Analytics, MLOps, Tableau, Redshift, Financial Services, AWS, Data Analytics, SQL, Python",4,Not Specified,Full-time,Not specified
Senior Data Analyst,Altruist Corp,San Francisco; CA,"SQL, Data Analysis, Snowflake",3,Not Specified,Not specified,124;000 - 158;000 a year
Expert Data Scientist,Genentech,San Francisco; CA  (Mission Bay area),"Forecasting, Data Analysis, Natural Language Processing, Machine Learning, Computer Science, Predictive Analysis, R, Analytics, Tableau, Statistics, SAS, Deep Learning, Research, Data Analytics, Data Visualization, AI, Python",3,Doctorate; Master,Full-time,Not specified
Senior Data Scientist,Kyverna Therapeutics,Emeryville; CA,"Data Analysis, Computer Science, R, Tableau, Research, Data Visualization, AI, Python",5,Not Specified,Full-time,150;000 - 200;000 a year
Health Data Scientist,GAP Solutions; Inc.,Research Triangle Park; NC 27709,"Data Analysis, Natural Language Processing, Computer Science, Machine Learning, Computer Vision, R, Statistics, Research, Data Visualization, Python, Linux",Not specified,Bachelor,Full-time,Not specified
Senior Data Scientist,Democratic Senatorial Campaign Committee,Washington; DC 20002  (Capitol Hill area),"SQL, R, Python, Analytics",Not specified,Not Specified,Not specified,Not specified
DATA SCIENTIST,Ignite Fueling Innovation,Dfafs; FL 32542,"Power BI, Data Visualization, Data Analysis, Computer Science, Machine Learning, R, Analytics, Tableau, Statistics, Machine Learning Algorithms, SQL, Python",4,Bachelor,Full-time,Not specified
Senior Data Scientist,DTN,Remote,"TensorFlow, Machine learning frameworks, Machine Learning, Pandas, Agile, Analytics, PyTorch, Keras, Software development, CI/CD, Github, Research, NumPy, AI, Python",5,Not Specified,Full-time,101;250 - 135;000 a year
Data Scientist; TV Plus,Samsung Electronics,Mountain View; CA,"Power BI, Data Visualization, Data Analysis, Presentation Skills, Machine Learning, R, Analytics, Tableau, Marketing, AWS, Data Analytics, SQL, MySQL, Python",5,Bachelor,Full-time,Not specified
Senior Data Scientist,Podium,Lehi; UT 84043,"Git, Machine Learning, R, Snowflake, Analytics, Sales, Marketing, Data Analytics, SQL, AI, Python",4,Bachelor,Not specified,Not specified
Data Scientist (Data Scientist 1),HII,Remote in Alexandria; VA,"Data Mining, Machine Learning, Project Management, Agile, Big Data, Software development, AI",4,Bachelor,Full-time,Not specified
Data Scientist,Booz Allen,Arlington; VA,"Data Mining, Power BI, Data Analysis, Data Visualization, Leadership, Machine Learning, R, Java, Analytics, Statistical Analysis, Tableau, Statistics, Data Analytics, SQL, Python",5,Master; Bachelor,Full-time,75;600 - 172;000 a year
Sr. Data Analyst,NiSource,Columbus; OH 43215  (Downtown area),"Agile, Azure, Analytics, Data lake, Business Analysis, Jira, Data Engineering",5,Bachelor,Full-time,91;000 - 136;600 a year
Data Scientist,Latham & Watkins LLP,Los Angeles; CA 90013  (Downtown area),"Computer Science, Machine Learning, Analytics, Statistics, Regression Analysis, Machine Learning Algorithms",Not specified,Bachelor,Full-time,110;000 - 135;000 a year
Data Scientist,Acuity INC,Remote in Reston; VA 20190,"Spark, Natural Language Processing, Computer Science, Machine Learning, MLOps, Statistics, Research, Data Engineering",3,Not Specified,Full-time,Not specified
Data Scientist,Congruent,San Francisco; CA,"Data Visualization, Machine learning frameworks, Computer Science, Machine Learning, Pandas, Feature Extraction, Cloud Computing, Analytics, Scikit-learn, Sales, Statistics, AWS, SQL, Python",7,Master,Not specified,150;000 - 200;000 a year
Data Scientist,InfoMagnus,Huntington Beach; CA 92649,"Machine Learning, Pandas, R, PyTorch, Big Data, Tableau, Seaborn, Spark, Azure, Statistical Analysis, Machine Learning Algorithms, SQL, AI, Python, Hadoop, Cloud Computing, MLOps, Statistics, Matplotlib, NumPy, Data Visualization, Google Cloud, TensorFlow, Natural Language Processing, Computer Science, Computer Vision, Scikit-learn, AWS",3,Doctorate; Master,Not specified,Not specified
Data Scientist Healthcare,Intone Networks,Hybrid work in Washington; DC 20001,,Not specified,Not Specified,Not specified,Not specified
DATA SCIENTIST,Dr Martens,Portland; OR 97209  (Pearl District area),"Data Mining, Presentation Skills, Machine Learning, R, Marketing, Quantitative analysis, Azure, Machine Learning Algorithms, SQL, Python, Data Engineering, Forecasting, Analytics, Statistics, Go, Data Analytics, Leadership, Computer Science, Sales, Regression Analysis, AWS",60,Master; Bachelor,Full-time,Not specified
Team Scientist - Center for Translational Data Science,University of Chicago - Center for Translational...,Chicago; IL,"Computer Science, Machine Learning, Cloud Computing, Research, AI",Not specified,Doctorate,Full-time,150;000 - 180;000 a year
Data Scientist,Royce Geo,Springfield; VA,"Git, Data Mining, TensorFlow, Leadership, R, Statistics, SAS, SQL, Python",10,Bachelor,Full-time,Not specified
Data Scientist,JLL,Chicago; IL,"Power BI, Machine Learning, R, PyTorch, CI/CD, Tableau, Research, Jira, Spark, Scripting, Machine Learning Algorithms, SQL, Deep Learning, AI, Python, Analytics, MLOps, Statistics, Data Analytics, Excel, TensorFlow, Natural Language Processing, Computer Science",Not specified,Bachelor,Not specified,110;000 - 130;000 a year
Data Scientist,Koalafi,Richmond; VA,"Git, Machine Learning, Pandas, Snowflake, CI/CD, Spark, SQL, Data Structures, Python, Docker, Forecasting, Analytics, Statistics, Financial Services, NumPy, Computer Science, GraphQL, Scikit-learn, AWS, Kubernetes",2,Doctorate; Master; Bachelor,Not specified,Not specified
Senior Data Scientist,Lytx,San Diego; CA,"Computer Science, Machine Learning, Computer Vision, Scikit-learn, Statistics, Go, Deep Learning, Reinforcement Learning, Python",5,Doctorate,Full-time,148;500 - 187;500 a year
Data Scientist,Amrock; LLC,Detroit; MI 48226  (Downtown area),"Data Mining, Forecasting, Natural Language Processing, Leadership, Machine Learning, R, Java, Analytics, AWS, Statistical Analysis, Azure, Statistics, SAS, Financial Services, Go, SQL, AI, Python",2,Doctorate; Master,Full-time,Not specified
Data Scientist II,Honeywell,Hybrid work in Kansas City; MO 64147,"Software development, Leadership, Machine Learning, Analytics",Not specified,Master,Not specified,Not specified
Senior Data Analyst,City of Chattanooga; TN,Chattanooga; TN 37402  (Martin Luther King area),"Data Analysis, Computer Science, R, Scripting, Statistics, Research, Python",Not specified,Master; Bachelor,Full-time,56;623 - 68;407 a year
Data Scientist,USDM Life Sciences,Thousand Oaks; CA,"Data Analysis, MATLAB, Python, Analytics",21,Doctorate; Master,Full-time,40 - 50 an hour
Data Scientist/Senior Data Scientist,Navy Federal Credit Union,Vienna; VA 22180,"Presentation Skills, Data Analysis, Computer Science, Machine Learning, Hadoop, R, Project Management, Big Data, Scala, SAS, Statistics, SPSS, Research, AWS, SQL, Python",3,Master; Bachelor,Not specified,76;900 - 138;900 a year
Data Scientist - Services Customer Enablement,Lexmark International; Inc.,Lexington; KY,"Data Visualization, Computer Science, Machine Learning, Data Structures, R, Azure, Analytics, NoSQL, Statistics, Research, SQL, Deep Learning, Python",Not specified,Bachelor,Full-time,Not specified
Senior Data Analyst,Ryan Companies US; Inc.,Chicago; IL,"Power BI, Data Visualization, Data Analysis, Microsoft SQL Server, Analytics, Accounting, Data Analytics, SQL, Risk Management",80,Bachelor,Not specified,Not specified
Data Scientist,Amentum,Dahlgren; VA 22448,"Power BI, Data Analysis, Computer Science, R, Analytics, Big Data, Tableau, Statistics, SAS, Research, Data Analytics, SQL, Python",4,Master; Bachelor,Full-time,Not specified
Senior Data Scientist,CEDENT,Deerfield; IL,"Data Mining, Data Analysis, Spark, R, Analytics, Statistics, SQL, Python",4,Not Specified,Full-time,Not specified
Senior Data Analyst,Tegus,Chicago; IL,"Power BI, Presentation Skills, Data Analysis, Sales, Tableau, Statistics, Marketing, SQL",2,Bachelor,Full-time,Not specified
Sr Data Analyst,Point32Health,Canton; MA,"Agile, Analytics, SAS, SQL, Data Structures, Excel",7,Master; Bachelor,Full-time,Not specified
Senior Data Scientist,Delta Dental of Missouri,St. Louis; MO 63127,"Git, Machine Learning, Pandas, PyTorch, Research, Spark, Azure, Deep Learning, AI, Python, Data Engineering, Docker, APIs, Analytics, Statistics, Data Analytics, NumPy, Leadership, TensorFlow, Natural Language Processing, Computer Science, Computer Vision, Scikit-learn, AWS",Not specified,Master,Full-time,117;430 - 158;530 a year
Senior Data Scientist,Labcorp,Durham; NC 27703,"Git, Data Mining, Natural Language Processing, Data Structures, Big Data, Research, Data Warehouse, JSON, SQL, Python, Jira",5,Doctorate,Full-time,Not specified
Data Scientist Level II,Greystones Consulting Group LLC,Hybrid work in Washington; DC 20003,"Data Analysis, Machine Learning, Analytics, Statistical Analysis, Big Data, Data Analytics, Deep Learning",Not specified,Not Specified,Full-time,Not specified
Data Scientist,OST,Fort Belvoir; VA 22060,Research,15,Bachelor,Full-time,Not specified
Senior Data Scientist,The Washington Post,Washington; DC,"Computer Science, Machine Learning, Agile, Statistical Analysis, Statistics, Research, AWS, Leadership, Deep Learning, Python",Not specified,Doctorate; Bachelor,Full-time,Not specified
Data Scientist,Sonatus,Remote,"TensorFlow, Data Analysis, Spark, Computer Science, Machine Learning, Hadoop, PyTorch, Keras, Research, Deep Learning, SQL, AI, Data Engineering",5,Doctorate,Full-time,Not specified
Data Scientist,ActioNet,San Diego; CA 92101,"Data Mining, Computer Science, Machine Learning, R, Java, Statistics, Machine Learning Algorithms, Marketing, Python",Not specified,Bachelor,Full-time,150;000 - 180;000 a year
Sr. Data Scientist,CVS Health,Remote in New York; NY,"Data Mining, Natural Language Processing, Computer Science, Machine Learning, Hadoop, R, Azure, Analytics, Statistical Software, Statistical Analysis, Big Data, Statistics, Tableau, Research, AWS, SQL, Python",Not specified,Master,Full-time,108;306 - 200;000 a year
Senior Associate; Data Scientist,The Bank of New York Mellon Corporation,Pittsburgh; PA,"Python, REST, Java, Financial Services, AI, Banking",240,Bachelor,Not specified,Not specified
Data Scientist,Booz Allen,Arlington; VA,"Data Mining, Power BI, Data Analysis, Data Visualization, Leadership, Machine Learning, R, Java, Analytics, Statistical Analysis, Tableau, Statistics, Data Analytics, SQL, Python",5,Master; Bachelor,Full-time,75;600 - 172;000 a year
Junior Data Scientist,V15P1TALONNN,Chicago; IL,"TensorFlow, Spark, Computer Science, Machine Learning, R, Analytics, Statistical Analysis, Big Data, Statistics, Data Visualization, Deep Learning, Python",70,Doctorate; Master; Bachelor,Not specified,Not specified
Revenue Data Scientist - Industry Solutions,Houzz,Remote,"Power BI, Computer Science, Leadership, Pandas, Sales, Tableau, Statistics, Research, Marketing, SQL, Python",2,Not Specified,Full-time,120;000 - 130;000 a year
Jr ML Data Scientist,Regrow,Remote,"Git, TensorFlow, Data Visualization, Computer Science, Presentation Skills, Machine Learning, PyTorch, Statistical Analysis, Keras, Statistics, Software development, SciPy, Go, NumPy, Deep Learning, Python, Data Engineering",Not specified,Not Specified,Not specified,Not specified
SR Data Scientist,Vass,Remote,"Git, Spark, Azure, AI, Python",1,Not Specified,Not specified,Not specified
Data Scientist,US National Oceanic and Atmospheric Administration,Woods Hole; MA,"Data Analysis, Computer Science, R, Software development, Statistics, Research, Data Visualization",3,Doctorate; Bachelor,Full-time,81;963 - 127;707 a year
Data Scientist; Product,OpenAI,San Francisco; CA  (Mission area),"Research, Github, SQL, AI, Python",5,Not Specified,Full-time,245;000 - 385;000 a year
Data Scientist,CACI,Washington; DC 20005  (Downtown area),"Data Mining, Natural Language Processing, Machine Learning, Analytics",60,Not Specified,Full-time,Not specified
Data Curation Scientist,Princeton University,Princeton; NJ 08544,,Not specified,Doctorate,Not specified,Not specified
Lead Data Scientist,Syneos - Clinical and Corporate - Prod,Remote,"TensorFlow, Machine learning frameworks, Computer Science, Leadership, Machine Learning, Project Management, Azure, PyTorch, Research, SQL, Python",5,Doctorate; Master,Full-time,146;301 - 178;600 a year
Staff Data Scientist,Arkestro,Remote,"Forecasting, Computer Science, Leadership, Machine Learning, Pandas, Snowflake, Statistics, Github, AWS, SQL, AI, Python, Jira",6,Doctorate,Not specified,200;000 - 220;000 a year
Principal Data Scientist,CEDENT,Nashville; TN,"Machine Learning, Pandas, R, Statistical Software, PyTorch, Research, SAS, Marketing, Spark, Agile, Azure, Software development, Python, Project Management, Analytics, Statistics, Data Analytics, NumPy, TensorFlow, Computer Science, Scikit-learn, AWS",10,Doctorate; Master,Full-time,150;000 - 180;000 a year
Junior Data Scientist,Logistics Management Institute,Washington; DC,"Power BI, Data Visualization, Natural Language Processing, Computer Science, R, MATLAB, Java, Analytics, Scikit-learn, Tableau, Statistics, Research, JSON, SQL, Python",60,Bachelor,Full-time,Not specified
Sr. Data Analyst,NiSource,Columbus; OH 43215  (Downtown area),"Agile, Azure, Analytics, Data lake, Business Analysis, Jira, Data Engineering",5,Bachelor,Full-time,91;000 - 136;600 a year
Staff Data Scientist,Crunchbase,California,"Machine Learning, Pandas, Agile, Analytics, Go, SQL, Python",6,Not Specified,Not specified,190;000 - 210;000 a year
Senior Data Analyst,City of Chattanooga; TN,Chattanooga; TN 37402  (Martin Luther King area),"Data Analysis, Computer Science, R, Scripting, Statistics, Research, Python",Not specified,Master; Bachelor,Full-time,56;623 - 68;407 a year
Data Scientist-Staff,Intermountain Healthcare,Salt Lake City; UT,"Data Mining, Machine Learning, R, Big Data, Scala, Data Analysis, Spark, Azure, SQL, AI, Python, Hadoop, MATLAB, Analytics, NoSQL, Statistics, Data Visualization, Natural Language Processing, Computer Science, AWS",Not specified,Master; Bachelor,Full-time,Not specified
Senior Data Analyst,ABS Kids,Utah,"Power BI, Data Visualization, R, Scripting, Tableau, SQL, Python",5,Bachelor,Full-time,100;000 - 120;000 a year
Senior Data Scientist,Pitney Bowes,Austin; TX 78735,"Forecasting, Computer Science, Analytics, Statistical Analysis, Research, SQL, Python",5,Master; Bachelor,Full-time,134;472 - 141;933 a year
Senior Associate; Data Scientist,BNY Mellon,Pittsburgh; PA 15219  (Central Business District area),"Python, REST, Java, Financial Services, AI, Banking",240,Bachelor,Not specified,Not specified
Sr Data Analyst,Hasbro,Renton; WA 98056,"Project Management, Snowflake, Analytics, Tableau, Research, Data Analytics, SQL, Excel",5,Not Specified,Not specified,92;000 a year
Senior Data Analyst,D&G Support Services; LLC,Arlington; VA 22209  (Radnor-Ft Myer Heights area),"Power BI, Computer Science, Risk Management, R, Project Management, Java, Analytics, Big Data, Tableau, Statistics, SAS, AWS, Data Analytics, Leadership, Python",6,Not Specified,Full-time,Not specified
Senior Data Scientist,Adyen,Chicago; IL,"TensorFlow, Spark, Machine Learning, Pandas, Scikit-learn, PyTorch, Big Data, Statistics, Research, Machine Learning Algorithms, SQL, A/B Testing",7,Not Specified,Full-time,Not specified
Lead Data Scientist,Jackson National Life Insurance Company,Lansing; MI,"Data Visualization, Data Analysis, Machine Learning, Analytics, Research, SQL, AI, Data Structures, Data Engineering",8,Bachelor,Full-time,Not specified
Lead Data Scientist,CVS Health,New York; NY,"Docker, Spark, Machine Learning, R, Analytics, Statistical Analysis, Tableau, Statistics, Research, AWS, SQL, Python, Jira",Not specified,Master,Full-time,132;250 - 260;000 a year
Principal Data Scientist,Lawrence Berkeley National Laboratory,Hybrid work in San Francisco Bay Area; CA,"Data Analysis, Research, Machine Learning",10,Doctorate,Full-time,175;812 - 296;688 a year
Sr. Data Scientist,CVS Health,Remote in New York; NY,"Data Mining, TensorFlow, Natural Language Processing, Computer Science, Machine Learning, Pandas, R, Statistical Software, Analytics, Scikit-learn, Keras, Tableau, Statistics, NumPy, SQL, MySQL, Python",Not specified,Master,Full-time,108;306 - 196;000 a year
Senior Data Scientist,Providence,Remote in Renton; WA 98057,"Power BI, Data Visualization, Forecasting, Data Analysis, Computer Science, Machine Learning, R, Snowflake, Azure, Analytics, Big Data, Tableau, Scala, SAS, Statistics, Machine Learning Algorithms, SQL, Python",6,Master,Full-time,Not specified
Data Scientist II,Honeywell,Hybrid work in Kansas City; MO 64147,"Software development, Leadership, Machine Learning, Analytics",Not specified,Master,Not specified,Not specified
Applied Scientist I,Amazon.com Services LLC,Seattle; WA,"Computer Science, Risk Management, Machine Learning, Java, Statistics, Research, Data Warehouse, SQL, Python",Not specified,Master,Full-time,115;100 a year
